{"cameraMode":{"drawMode":0,"name":"Shaded","section":"Shading Mode"},"sceneLighting":true,"audioPlay":false,"sceneViewState":{"m_AlwaysRefresh":false,"showFog":true,"showSkybox":true,"showFlares":true,"showImageEffects":true,"showParticleSystems":true,"showVisualEffectGraphs":true,"m_FxEnabled":true},"in2DMode":false,"pivot":{"x":-0.7120792865753174,"y":-0.1984197348356247,"z":0.44939103722572329},"rotation":{"x":0.20068371295928956,"y":-0.6938286423683167,"z":0.21144361793994904,"w":0.6585152745246887},"size":1.2247449159622193,"orthographic":false}