{"cameraMode":{"drawMode":0,"name":"Shaded","section":"Shading Mode"},"sceneLighting":false,"audioPlay":false,"sceneViewState":{"m_AlwaysRefresh":false,"showFog":true,"showSkybox":false,"showFlares":true,"showImageEffects":true,"showParticleSystems":true,"showVisualEffectGraphs":true,"m_FxEnabled":true},"in2DMode":false,"pivot":{"x":1.0978144407272339,"y":41.50843811035156,"z":-90.02437591552735},"rotation":{"x":-0.18523238599300385,"y":0.005318261682987213,"z":-0.0010019410401582718,"w":-0.9826891422271729},"size":0.8660253882408142,"orthographic":false}